<?xml version="1.0"?>
<Solution xmlns:xsi="http://www.w3.org/2001/XMLSchema-instance" xmlns:xsd="http://www.w3.org/2001/XMLSchema">
  <SolutionId>0d3754d8-05b9-41ce-9ae0-83125fd79c27</SolutionId>
  <OrganizationId>00000000-0000-0000-00aa-110000000011</OrganizationId>
  <Name>默认解决方案</Name>
  <Description>默认解决方案</Description>
  <Version>1.0</Version>
  <CreatedBy>3e27d1e5-d7b5-439f-8f12-6898ebc8687d</CreatedBy>
  <CreatedOn>2016-07-05T11:46:17.86</CreatedOn>
  <ModifiedOn>2016-09-23T16:14:12.553</ModifiedOn>
  <ModifiedBy>3e27d1e5-d7b5-439f-8f12-6898ebc8687d</ModifiedBy>
  <InstalledOn>2016-07-05T11:46:17.86</InstalledOn>
  <PublisherId>3e27d1e5-d7b5-439f-8f12-6898ebc8687d</PublisherId>
  <IsSystem>true</IsSystem>
  <IsManaged>true</IsManaged>
  <PublisherIdName>管理员</PublisherIdName>
  <CreatedByName>管理员</CreatedByName>
</Solution>